INSERT INTO categories (id, position, title) VALUES
  (2, 0, 'Second category'),
  (3, 0, 'New category'),
  (4, 0, 'New category2');

INSERT INTO boards (id, id_category, id_parent, position, title, id_last_topic, topics_count, posts_count, icon, is_active, description) VALUES
  (1,  1,    null, 2, 'Board-top-1',   10,   24, 47, 'fas fa-comments', true,  'Description with random string top-1'),
  (2,  null, 1,    2, 'Board-top-1-1', 10,   7, 17,  'fas fa-comments', true,  'Description with random string of 1-1'),
  (3,  null, 1,    1, 'Board-top-1-2', 13,   3, 3,   'fas fa-comments', true,  'Description with random random random random random string of 1-2'),
  (4,  3,    1,    3, 'Board-top-1-3', 4,    14, 27, 'fas fa-comments', true,  'Description with random random string of 1-3'),
  (5,  null, 2,    9, 'Board-top-2-1', 16,   4, 4,   'fas fa-comments', true,  'Description with random random random random random random random random string of 2-1'),
  (6,  null, 2,    9, 'Board-top-2-2', null, 0, 0,   'fas fa-comments', true,  'Description with random random random random string of 2-2'),
  (7,  null, 5,    0, 'Board-top-3-1', 19,   2, 2,   'fas fa-comments', true,  'Description with random random random random random random random random random random random random random random string of 3-1'),
  (8,  null, 2,    4, 'Board-top-2-3', null, 0, 0,   'fas fa-comments', false, 'Description with random random string of 2-3'),
  (9,  null, 8,    4, 'Board-top-3-2', null, 0, 0,   'fas fa-comments', true,  'Description with random random string of 3-2'),
  (10, 1,    null, 2, 'Board-top-2',   null, 0, 0,   'fas fa-comments', true,  'Description with random string top-2'),
  (11, 1,    null, 2, 'Board-top-3',   null, 0, 0,   'fas fa-comments', true,  'Description with random random random string top-3'),
  (12, 2,    null, 2, 'Board-top-4',   null, 0, 0,   'fas fa-comments', true,  'Description with random random string top-4'),
  (13, 2,    null, 2, 'Board-top-5',   null, 0, 0,   'fas fa-comments', true,  'Description with random random random random string top-5'),
  (14, null, null, 2, 'Board-top-6',   null, 0, 0,   'fas fa-comments', true,  'Description with random random random random random string top-6'),
  (15, 3,    null, 2, 'Board-top-b-6', null, 0, 0,   'fas fa-comments', true,  'Description with random random random random random string top-b-6'),
  (16, 3,    null, 2, 'Board-top-a-6', null, 0, 0,   'fas fa-comments', true,  'Description with random random random random random string top-a-6'),
  (17, 3,    null, 1, 'Board-top-c-6', null, 0, 0,   'fas fa-comments', true,  'Description with random random random random random string top-c-6');

INSERT INTO topics (id, id_board, is_sticky, id_first_post, id_last_post, id_author, date_create, icon, posts_count, views_count, is_locked, is_active, is_approved, title) VALUES
  (10, 2, false, 30, 36, 55, '2018-02-02 02:02:02', 'far fa-circle', 7,  0, false, true,  true,  'Topic title for board-top-1-1 with random string'),
  (11, 2, false, 37, 41, 58, '2018-03-02 02:02:02', 'far fa-circle', 5,  0, false, true,  true,  'Topic title for board-top-1-1 with random string'),
  (12, 2, false, 42, 42, 55, '2018-04-02 02:02:02', 'far fa-circle', 1,  0, false, true,  true,  'Topic title for board-top-1-1 with random string'),
  (13, 3, true,  43, 43, 56, '2018-05-05 02:02:02', 'far fa-circle', 1,  0, false, true,  true,  'Topic title for board-top-1-2 with random string'),
  (14, 3, false, 44, 44, 57, '2018-02-04 02:02:02', 'far fa-circle', 1,  0, false, true,  true,  'Topic title for board-top-1-2 with random string'),
  (15, 3, true,  45, 45, 58, '2018-02-03 02:02:02', 'far fa-circle', 1,  0, false, true,  true,  'Topic title for board-top-1-2 with random string'),
  (16, 5, false, 46, 46, 59, '2018-02-08 02:02:02', 'far fa-circle', 1,  0, false, false, true,  'Topic title for board-top-2-1 with random string'),
  (17, 5, false, 47, 47, 55, '2018-02-02 02:09:02', 'far fa-circle', 1,  0, false, true,  true,  'Topic title for board-top-2-1 with random string'),
  (18, 7, false, 48, 48, 56, '2018-02-02 02:02:02', 'far fa-circle', 1,  0, false, true,  false, 'Topic title for board-top-3-1 with random string B'),
  (19, 7, false, 49, 49, 57, '2018-02-02 02:02:02', 'far fa-circle', 1,  0, false, true,  true,  'Topic title for board-top-3-1 with random string A'),
  (1,  4, false, 1,  1,  57, '2018-02-02 02:02:02', 'far fa-circle', 1,  0, false, true,  true,  '1 Topic title for board-top-3-1 with random string A'),
  (20, 4, false, 50, 50, 57, '2018-02-02 02:03:02', 'far fa-circle', 1,  0, false, true,  true,  '3 Topic title for board-top-3-1 with random string A'),
  (21, 4, false, 51, 51, 57, '2018-02-02 02:04:02', 'far fa-circle', 1,  0, false, true,  true,  '4 Topic title for board-top-3-1 with random string A'),
  (22, 4, false, 52, 52, 57, '2018-02-02 02:05:02', 'far fa-circle', 1,  0, false, true,  true,  '5 Topic title for board-top-3-1 with random string A'),
  (23, 4, false, 53, 53, 57, '2018-02-02 02:06:02', 'far fa-circle', 1,  0, false, true,  true,  '6 Topic title for board-top-3-1 with random string A'),
  (24, 4, false, 54, 54, 57, '2018-02-02 02:07:02', 'far fa-circle', 1,  0, false, true,  true,  '7 Topic title for board-top-3-1 with random string A'),
  (25, 4, false, 55, 55, 57, '2018-02-02 02:08:02', 'far fa-circle', 1,  0, false, true,  true,  '8 Topic title for board-top-3-1 with random string A'),
  (26, 4, false, 56, 56, 57, '2018-02-02 02:09:02', 'far fa-circle', 1,  0, false, true,  true,  '9 Topic title for board-top-3-1 with random string A'),
  (27, 4, false, 57, 57, 57, '2018-02-02 02:10:02', 'far fa-circle', 1,  0, false, true,  true,  '10 Topic title for board-top-3-1 with random string A'),
  (28, 4, false, 58, 58, 57, '2018-02-02 02:11:02', 'far fa-circle', 1,  0, false, true,  true,  '11 Topic title for board-top-3-1 with random string A'),
  (29, 4, false, 59, 59, 57, '2018-02-02 02:12:02', 'far fa-circle', 1,  0, false, true,  true,  '12 Topic title for board-top-3-1 with random string A'),
  (30, 4, false, 60, 60, 57, '2018-02-02 02:13:02', 'far fa-circle', 1,  0, false, true,  true,  '13 Topic title for board-top-3-1 with random string A'),
  (31, 4, false, 61, 61, 57, '2018-02-02 02:14:02', 'far fa-circle', 1,  0, false, true,  true,  '14 Topic title for board-top-3-1 with random string A'),
  (4,  4, false, 62, 75, 57, '2018-02-02 02:15:02', 'far fa-circle', 14, 0, false, true,  true,  '15 Topic title for board-top-3-1 with random string A');

INSERT INTO posts (id, id_topic, id_parent, is_sticky, ip_create, id_author, date_create, ip_last_update, id_user_last_update, date_last_update, karma_bad, karma_good, is_active, is_approved, body) VALUES
  (30, 10, null, false, '1.1.1.1', 55, '2018-02-05 02:02:02', '1.1.1.1', 55, '2018-02-02 02:02:02', 0, 0, true, true,  'random string here random string here random string here random string here random string here random string here random string here random string here '),
  (31, 10, 30,   false, '2.2.2.2', 56, '2018-02-02 03:02:02', '2.2.2.2', 56, '2018-02-03 03:02:02', 0, 0, true, true,  'random string here random string here random string here random string here random string here random string here random string here '),
  (32, 10, 30,   false, '3.3.3.3', 57, '2018-02-04 04:02:02', '3.3.3.3', 57, '2018-02-04 04:02:02', 0, 0, true, true,  'random string here random string here random string here random string here random string here random string here random string here random string here random string here random string here random string here random string here random string here random string here random string here random string here '),
  (33, 10, 31,   false, '1.1.1.1', 55, '2018-02-03 05:02:02', '1.1.1.1', 55, '2018-02-05 05:02:02', 0, 0, true, true,  'random string here random string here random string here random string here random string here random string here random string here '),
  (34, 10, 31,   true,  '2.2.2.2', 56, '2018-02-06 06:02:02', '2.2.2.2', 56, '2018-02-06 06:02:02', 0, 0, true, true,  'random string here random string here random string here random string here random string here '),
  (35, 10, null, true,  '1.1.1.1', 55, '2018-02-07 07:02:02', '1.1.1.1', 55, '2018-02-07 07:02:02', 0, 0, true, true,  'random string here random string here random string here random string here random string here random string here random string here '),
  (36, 10, null, true,  '4.4.4.4', 58, '2018-02-08 08:02:02', '4.4.4.4', 58, '2018-02-08 08:02:02', 0, 0, true, true,  'random string here random string here random string here random string here random string here random string here '),
  (37, 11, null, false, '4.4.4.4', 58, '2018-03-02 02:02:02', '4.4.4.4', 58, '2018-03-02 02:02:02', 0, 0, true, true,  'random string here random string here random string here random string here random string here random string here random string here random string here random string here random string here random string here random string here random string here '),
  (38, 11, null, false, '5.5.5.5', 59, '2018-03-03 02:02:02', '5.5.5.5', 59, '2018-03-03 02:02:02', 0, 0, false, true, 'random string here random string here random string here random string here random string here random string here random string here random string here random string here random string here random string here random string here '),
  (39, 11, null, false, '4.4.4.4', 58, '2018-03-04 02:02:02', '4.4.4.4', 58, '2018-03-04 02:02:02', 0, 0, true, false, 'random string here random string here random string here random string here random string here random string here random string here random string here random string here random string here random string here random string here random string here random string here random string here random string here random string here random string here random string here random string here random string here random string here '),
  (40, 11, null, false, '1.1.1.1', 55, '2018-03-05 02:02:02', '4.4.4.4', 58, '2018-04-06 02:02:02', 0, 0, true, true,  'random string here random string here random string here random string here random string here random string here random string here random string here random string here random string here random string here random string here random string here '),
  (41, 11, null, false, '5.5.5.5', 59, '2018-03-06 02:02:02', '5.5.5.5', 59, '2018-03-06 02:02:02', 0, 0, true, true,  'random string here random string here random string here random string here random string here random string here random string here random string here random string here random string here '),
  (42, 12, null, false, '1.1.1.1', 55, '2018-04-02 02:02:02', '1.1.1.1', 55, '2018-04-02 02:02:02', 0, 0, true, true,  'random string here random string here random string here random string here random string here random string here random string here random string here random string here random string here random string here random string here random string here random string here v'),
  (43, 13, null, false, '2.2.2.2', 56, '2018-05-02 02:02:02', '2.2.2.2', 56, '2018-05-02 02:02:02', 0, 0, true, true,  'random string here random string here random string here random string here random string here random string here random string here random string here random string here random string here random string here random string here random string here random string here random string here random string here '),
  (44, 14, null, false, '3.3.3.3', 57, '2018-02-06 02:02:02', '3.3.3.3', 57, '2018-02-06 02:02:02', 0, 0, true, true,  'random string here random string here random string here random string here random string here random string here random string here random string here random string here random string here random string here random string here random string here random string here random string here random string here random string here random string here random string here random string here random string here random string here random string here random string here random string here random string here random string here random string here random string here random string here random string here '),
  (45, 15, null, false, '4.4.4.4', 58, '2018-02-07 02:02:02', '4.4.4.4', 58, '2018-02-07 02:02:02', 0, 0, true, true,  'random string here random string here random string here random string here random string here random string here random string here random string here random string here random string here random string here random string here random string here random string here random string here random string here random string here random string here random string here random string here random string here random string here random string here random string here random string here random string here random string here random string here random string here random string here '),
  (46, 16, null, false, '5.5.5.5', 59, '2018-02-08 02:02:02', '5.5.5.5', 59, '2018-02-09 02:02:02', 0, 0, true, true,  'random string here random string here random string here random string here random string here random string here random string here random string here random string here random string here random string here random string here random string here random string here random string here random string here random string here random string here '),
  (47, 17, null, false, '1.1.1.1', 55, '2018-02-02 02:09:02', '1.1.1.1', 55, '2018-02-02 02:09:02', 0, 0, false, true, 'random random string here random string here random string here random string here random string here random string here random string here random string here random string here random string here random string here random string here string here '),
  (48, 18, null, false, '2.2.2.2', 56, '2018-02-02 12:02:02', '2.2.2.2', 56, '2018-02-02 12:02:02', 0, 0, true, true,  'random string here random string here random string here random string here random string here random string here random string here random string here random string here random string here random string here random string here '),
  (49, 19, null, false, '3.3.3.3', 57, '2018-02-12 02:02:02', '3.3.3.3', 57, '2018-02-12 02:02:02', 0, 0, true, false, 'random string here random string here random string here random string here random string here random string here random string here random string here random string here random string here random string here random string here random string here '),
  (1,  1,  null, false, '3.3.3.3', 57, '2018-02-12 02:02:02', '3.3.3.3', 57, '2018-02-12 02:02:02', 0, 0, true, true,  '1 random string here random string here random string here random string here random string here random string here random string here random string here random string here random string here random string here random string here random string here '),
  (50, 20, null, false, '3.3.3.3', 57, '2018-02-02 02:03:02', '3.3.3.3', 57, '2018-02-02 02:03:02', 0, 0, true, false, '2 random string here random string here random string here random string here random string here random string here random string here random string here random string here random string here random string here random string here random string here '),
  (51, 21, null, false, '3.3.3.3', 57, '2018-02-02 02:04:02', '3.3.3.3', 57, '2018-02-02 02:04:02', 0, 0, true, false, '3 random string here random string here random string here random string here random string here random string here random string here random string here random string here random string here random string here random string here random string here '),
  (52, 22, null, false, '3.3.3.3', 57, '2018-02-02 02:05:02', '3.3.3.3', 57, '2018-02-02 02:05:02', 0, 0, true, false, '4 random string here random string here random string here random string here random string here random string here random string here random string here random string here random string here random string here random string here random string here '),
  (53, 23, null, false, '3.3.3.3', 57, '2018-02-02 02:06:02', '3.3.3.3', 57, '2018-02-02 02:06:02', 0, 0, true, false, '5 random string here random string here random string here random string here random string here random string here random string here random string here random string here random string here random string here random string here random string here '),
  (54, 24, null, false, '3.3.3.3', 57, '2018-02-02 02:07:02', '3.3.3.3', 57, '2018-02-02 02:07:02', 0, 0, true, false, '6 random string here random string here random string here random string here random string here random string here random string here random string here random string here random string here random string here random string here random string here '),
  (55, 25, null, false, '3.3.3.3', 57, '2018-02-02 02:08:02', '3.3.3.3', 57, '2018-02-02 02:08:02', 0, 0, true, false, '7 random string here random string here random string here random string here random string here random string here random string here random string here random string here random string here random string here random string here random string here '),
  (56, 26, null, false, '3.3.3.3', 57, '2018-02-02 02:09:02', '3.3.3.3', 57, '2018-02-02 02:09:02', 0, 0, true, false, '8 random string here random string here random string here random string here random string here random string here random string here random string here random string here random string here random string here random string here random string here '),
  (57, 27, null, false, '3.3.3.3', 57, '2018-02-02 02:10:02', '3.3.3.3', 57, '2018-02-02 02:10:02', 0, 0, true, false, '9 random string here random string here random string here random string here random string here random string here random string here random string here random string here random string here random string here random string here random string here '),
  (58, 28, null, false, '3.3.3.3', 57, '2018-02-02 02:11:02', '3.3.3.3', 57, '2018-02-02 02:11:02', 0, 0, true, false, '10 random string here random string here random string here random string here random string here random string here random string here random string here random string here random string here random string here random string here random string here '),
  (59, 29, null, false, '3.3.3.3', 57, '2018-02-02 02:12:02', '3.3.3.3', 57, '2018-02-02 02:12:02', 0, 0, true, false, '11 random string here random string here random string here random string here random string here random string here random string here random string here random string here random string here random string here random string here random string here '),
  (60, 30, null, false, '3.3.3.3', 57, '2018-02-02 02:13:02', '3.3.3.3', 57, '2018-02-02 02:13:02', 0, 0, true, false, '12 random string here random string here random string here random string here random string here random string here random string here random string here random string here random string here random string here random string here random string here '),
  (61, 31, null, false, '3.3.3.3', 57, '2018-02-02 02:14:02', '3.3.3.3', 57, '2018-02-02 02:14:02', 0, 0, true, false, '13 random string here random string here random string here random string here random string here random string here random string here random string here random string here random string here random string here random string here random string here '),
  (62, 4,  null, false, '3.3.3.3', 57, '2018-02-02 02:15:02', '3.3.3.3', 57, '2018-02-02 02:15:02', 0, 0, true, false, '14 random string here random string here random string here random string here random string here random string here random string here random string here random string here random string here random string here random string here random string here '),
  (63, 4,  null, false, '3.3.3.3', 57, '2018-02-02 03:15:02', '3.3.3.3', 57, '2018-02-02 03:15:02', 0, 0, true, false, '24 random string here random string here random string here random string here random string here random string here random string here random string here random string here random string here random string here random string here random string here '),
  (64, 4,  null, false, '3.3.3.3', 57, '2018-02-02 04:15:02', '3.3.3.3', 57, '2018-02-02 04:15:02', 0, 0, true, false, '34 random string here random string here random string here random string here random string here random string here random string here random string here random string here random string here random string here random string here random string here '),
  (65, 4,  null, false, '3.3.3.3', 57, '2018-02-02 05:15:02', '3.3.3.3', 57, '2018-02-02 05:15:02', 0, 0, true, false, '44 random string here random string here random string here random string here random string here random string here random string here random string here random string here random string here random string here random string here random string here '),
  (66, 4,  null, false, '3.3.3.3', 57, '2018-02-02 06:15:02', '3.3.3.3', 57, '2018-02-02 06:15:02', 0, 0, true, false, '54 random string here random string here random string here random string here random string here random string here random string here random string here random string here random string here random string here random string here random string here '),
  (67, 4,  null, false, '3.3.3.3', 57, '2018-02-02 07:15:02', '3.3.3.3', 57, '2018-02-02 07:15:02', 0, 0, true, false, '64 random string here random string here random string here random string here random string here random string here random string here random string here random string here random string here random string here random string here random string here '),
  (68, 4,  null, false, '3.3.3.3', 57, '2018-02-02 08:15:02', '3.3.3.3', 57, '2018-02-02 08:15:02', 0, 0, true, false, '74 random string here random string here random string here random string here random string here random string here random string here random string here random string here random string here random string here random string here random string here '),
  (69, 4,  null, false, '3.3.3.3', 57, '2018-02-02 09:15:02', '3.3.3.3', 57, '2018-02-02 09:15:02', 0, 0, true, false, '84 random string here random string here random string here random string here random string here random string here random string here random string here random string here random string here random string here random string here random string here '),
  (70, 4,  null, false, '3.3.3.3', 57, '2018-02-02 10:15:02', '3.3.3.3', 57, '2018-02-02 10:15:02', 0, 0, true, false, '94 random string here random string here random string here random string here random string here random string here random string here random string here random string here random string here random string here random string here random string here '),
  (71, 4,  null, false, '3.3.3.3', 57, '2018-02-02 11:15:02', '3.3.3.3', 57, '2018-02-02 11:15:02', 0, 0, true, false, '114 random string here random string here random string here random string here random string here random string here random string here random string here random string here random string here random string here random string here random string here '),
  (72, 4,  null, false, '3.3.3.3', 57, '2018-02-02 12:15:02', '3.3.3.3', 57, '2018-02-02 12:15:02', 0, 0, true, false, '124 random string here random string here random string here random string here random string here random string here random string here random string here random string here random string here random string here random string here random string here '),
  (73, 4,  null, false, '3.3.3.3', 57, '2018-02-02 13:15:02', '3.3.3.3', 57, '2018-02-02 13:15:02', 0, 0, true, false, '134 random string here random string here random string here random string here random string here random string here random string here random string here random string here random string here random string here random string here random string here '),
  (74, 4,  null, false, '3.3.3.3', 57, '2018-02-02 14:15:02', '3.3.3.3', 57, '2018-02-02 14:15:02', 0, 0, true, false, '144 random string here random string here random string here random string here random string here random string here random string here random string here random string here random string here random string here random string here random string here '),
  (75, 4,  null, false, '3.3.3.3', 57, '2018-02-02 15:15:02', '3.3.3.3', 57, '2018-02-02 15:15:02', 0, 0, true, false, '154 random string here random string here random string here random string here random string here random string here random string here random string here random string here random string here random string here random string here random string here ');

-- all passwords is just word password
INSERT INTO users (id, nick_name, email, password, date_registered, date_last_login, posts_count, name, gender, date_birth, location, is_hide_email, is_show_online, signature, avatar, karma_bad, karma_good, secret_question, secret_answer, is_activated, is_banned, validation_code, time_logged_in) VALUES
  (55, 'user1',  'user1@mail.com',  '{bcrypt}$2a$10$8na5IbaQUhPSH2znybDXueklQrud1eQ0RpelTD6TO62J12LXsaduC', '2001-01-01 01:01:01', '2010-10-10 10:10:10', 6,  'name user1',  true,  '1990-01-01', 'somewhere 1',  false, true, 'signature1',  10,   0, 0, 'question1',  'answer1',  true, false, '1',  0),
  (56, 'user2',  'user2@mail.com',  '{bcrypt}$2a$10$8na5IbaQUhPSH2znybDXueklQrud1eQ0RpelTD6TO62J12LXsaduC', '2002-02-02 02:02:02', '2011-10-11 11:11:11', 4,  'name user2',  true,  '1991-02-02', 'somewhere 2',  false, true, 'signature2',  null, 0, 0, 'question2',  'answer2',  true, false, '2',  0),
  (57, 'user3',  'user3@mail.com',  '{bcrypt}$2a$10$8na5IbaQUhPSH2znybDXueklQrud1eQ0RpelTD6TO62J12LXsaduC', '2003-03-03 03:03:03', '2012-10-12 12:12:12', 30, 'name user3',  false, '1992-03-03', 'somewhere 3',  false, true, 'signature3',  null, 0, 0, 'question3',  'answer3',  true, false, '3',  0),
  (58, 'user4',  'user4@mail.com',  '{bcrypt}$2a$10$8na5IbaQUhPSH2znybDXueklQrud1eQ0RpelTD6TO62J12LXsaduC', '2004-04-04 04:04:04', '2013-10-13 13:13:13', 4,  'name user4',  true,  '1993-04-04', 'somewhere 4',  false, true, 'signature4',  11,   0, 0, 'question4',  'answer4',  true, false, '4',  0),
  (59, 'user5',  'user5@mail.com',  '{bcrypt}$2a$10$8na5IbaQUhPSH2znybDXueklQrud1eQ0RpelTD6TO62J12LXsaduC', '2005-05-05 05:05:05', '2014-10-14 14:14:14', 3,  'name user5',  true,  '1994-05-05', 'somewhere 5',  false, true, 'signature5',  null, 0, 0, 'question5',  'answer5',  true, false, '5',  0),
  (60, 'user6',  'user6@mail.com',  '{bcrypt}$2a$10$8na5IbaQUhPSH2znybDXueklQrud1eQ0RpelTD6TO62J12LXsaduC', '2001-01-01 06:01:01', '2010-10-10 15:15:15', 0,  'name user6',  true,  '1990-06-01', 'somewhere 6',  false, true, 'signature6',  null, 0, 0, 'question6',  'answer6',  true, false, '6',  0),
  (61, 'user7',  'user7@mail.com',  '{bcrypt}$2a$10$8na5IbaQUhPSH2znybDXueklQrud1eQ0RpelTD6TO62J12LXsaduC', '2001-01-01 07:01:01', '2010-10-10 16:16:16', 0,  'name user7',  true,  '1990-07-01', 'somewhere 7',  false, true, 'signature7',  null, 0, 0, 'question7',  'answer7',  true, false, '7',  0),
  (62, 'user8',  'user8@mail.com',  '{bcrypt}$2a$10$8na5IbaQUhPSH2znybDXueklQrud1eQ0RpelTD6TO62J12LXsaduC', '2001-01-01 08:01:01', '2010-10-10 17:17:17', 0,  'name user8',  true,  '1990-08-01', 'somewhere 8',  false, true, 'signature8',  null, 0, 0, 'question8',  'answer8',  true, false, '8',  0),
  (63, 'user9',  'user9@mail.com',  '{bcrypt}$2a$10$8na5IbaQUhPSH2znybDXueklQrud1eQ0RpelTD6TO62J12LXsaduC', '2001-01-01 09:01:01', '2010-10-10 18:18:18', 0,  'name user9',  true,  '1990-09-01', 'somewhere 9',  false, true, 'signature9',  null, 0, 0, 'question9',  'answer9',  true, false, '9',  0),
  (64, 'user10', 'user10@mail.com', '{bcrypt}$2a$10$8na5IbaQUhPSH2znybDXueklQrud1eQ0RpelTD6TO62J12LXsaduC', '2001-01-01 10:01:01', '2010-10-10 19:19:19', 0,  'name user10', true,  '1990-10-01', 'somewhere 10', false, true, 'signature10', null, 0, 0, 'question10', 'answer10', true, false, '10', 0),
  (65, 'user11', 'user11@mail.com', '{bcrypt}$2a$10$8na5IbaQUhPSH2znybDXueklQrud1eQ0RpelTD6TO62J12LXsaduC', '2001-01-01 11:01:01', '2010-10-10 20:20:20', 0,  'name user11', true,  '1990-11-01', 'somewhere 11', false, true, 'signature11', null, 0, 0, 'question11', 'answer11', true, false, '11', 0),
  (66, 'user12', 'user12@mail.com', '{bcrypt}$2a$10$8na5IbaQUhPSH2znybDXueklQrud1eQ0RpelTD6TO62J12LXsaduC', '2001-01-01 12:01:01', '2010-10-10 21:21:21', 0,  'name user12', true,  '1990-12-01', 'somewhere 12', false, true, 'signature12', null, 0, 0, 'question12', 'answer12', true, false, '12', 0);

INSERT INTO user_groups (user_id, group_id) VALUES
  (55, 2),
  (55, 3),
  (56, 2),
  (57, 2),
  (57, 3),
  (58, 2),
  (58, 3),
  (58, 4),
  (59, 2),
  (60, 2),
  (61, 2),
  (62, 2),
  (63, 2),
  (64, 2),
  (65, 2),
  (66, 2);

INSERT INTO attachments (id, original_name, file_name, date_upload, type, content_type, description) VALUES
  (1, '1.doc', '1.doc', '2019-01-01', 'post', 'application/msword', 'descr1'),
  (2, '2.doc', '2.doc', '2019-01-01', 'post', 'application/msword', 'descr2'),
  (3, '3.doc', '3.doc', '2019-01-01', 'post', 'application/msword', 'descr3'),
  (4, '4.doc', '4.doc', '2019-01-01', 'post', 'application/msword', 'descr4'),
  (5, '5.doc', '5.doc', '2019-01-01', 'post', 'application/msword', 'descr5'),
  (10, 'kindness.jpg', 'three.jpg', '2019-01-01', 'avatar', 'image/jpeg', 'descr avatar 10'),
  (11, 'kindness.jpg', 'two.jpg', '2019-01-01', 'avatar', 'image/jpeg', 'descr avatar 11');

INSERT INTO post_attachments (post_id, attachment_id) VALUES
  (75, 1),
  (75, 2),
  (75, 3),
  (47, 4),
  (47, 5);
